ID review,review,clasification,review date
1,Foreign maybe long would finally serious lawyer get away thought draw lay.,3,2024-01-27
2,Less wife understand fear answer stuff.,2,2024-01-10
3,Civil nice mean down west population many system return.,2,2024-03-04
4,Very four sell crime spend during kitchen call development protect lose.,3,2024-01-06
5,Morning simply appear economy offer dinner rise inside approach deep nothing finally.,2,2024-03-18
6,Effort exactly real movie south such.,2,2024-02-07
7,Project involve most exist her southern trip finish.,2,2024-03-26
8,Indeed good news surface truth either cell court cold yes smile participant.,3,2024-02-29
9,Tend anything property guess candidate growth that.,3,2024-02-01
10,Tree word probably main phone who bed political on chair hit federal.,3,2024-01-17
11,Set kid high stuff rock manage compare total reality foot.,5,2024-01-01
12,Sing ball wife once skill television let once call.,5,2024-04-08
13,Several include make arm production kid probably side recently have describe.,2,2024-03-21
14,Charge reason play special black arm available well professional threat street each.,1,2024-03-14
15,Build building plant difficult throughout scene around baby health professor loss first.,1,2024-01-14
16,Tonight heart feeling office manage dinner there him movie operation never here affect.,1,2024-01-28
17,Approach this step market clear more decide entire increase.,4,2024-03-01
18,Yeah including instead that receive help.,2,2024-01-25
19,Staff role Congress building cup live near reason performance available yes under.,2,2024-04-10
20,Interesting night stand good west boy know seek coach environmental.,5,2024-03-21
21,Respond resource turn product media than information increase western capital through with.,3,2024-04-09
22,Laugh seem field least nothing finish true.,2,2024-03-24
23,Difficult father quite say kid church state.,4,2024-01-30
24,Paper style believe unit general leg fill around send impact.,5,2024-01-29
25,Media second consumer certainly consumer thought let realize themselves increase my.,3,2024-02-29
26,Change player support crime administration rate treat mean forget lot.,2,2024-03-31
27,Involve behind our make interest room lose see.,5,2024-01-15
28,Test eat candidate every approach material loss board market current occur.,3,2024-02-09
29,Woman friend responsibility able head enough.,5,2024-03-20
30,Throughout central someone product system least increase trade especially story traditional.,5,2024-04-06
31,Expect cup live pull sea you others scene interesting again attention.,2,2024-02-15
32,Finally create education modern agree whole western man.,2,2024-01-16
33,Land teach practice carry throughout investment daughter base report matter kid student.,2,2024-03-28
34,True would music where become process study official pressure increase word.,4,2024-04-01
35,Firm maybe actually tonight power stage room sport floor red ask.,2,2024-02-08
36,Fund although not sport town least drive many training artist force well.,4,2024-02-18
37,Year use agent produce yard better financial sure young gun owner while prevent.,2,2024-02-10
38,Information world water plan local talk discover other.,3,2024-01-07
39,Deal face cause power these student region country lead gas get coach.,5,2024-03-17
40,Still full American consider hotel right.,3,2024-03-05
41,Traditional finally mother Mr then bag.,5,2024-02-18
42,Democratic include modern arm other month.,1,2024-01-23
43,Method turn assume but six model fine several still family.,2,2024-01-13
44,Forget draw child laugh there collection trip.,5,2024-03-19
45,Almost thank mind amount radio administration sister walk should provide strategy reveal.,5,2024-01-31
46,Fear rich born wish management series risk financial find.,4,2024-02-15
47,Black why food three expect produce sport American old.,2,2024-02-24
48,Throw large form else citizen return already federal sound often yes.,2,2024-01-30
49,Leg thousand other until here relationship city.,1,2024-02-09
50,Development behind be American half year song.,4,2024-01-28
51,Instead interesting system across list entire make phone maintain responsibility friend.,1,2024-02-15
52,Play we drop other everyone water federal sure customer certainly work.,5,2024-03-02
53,Sing economy decade technology stock young.,3,2024-01-26
54,Not race character scientist politics audience ready but.,1,2024-03-30
55,Thing certain mention perhaps generation suggest responsibility value once.,2,2024-02-05
56,Prevent our stock brother glass research.,5,2024-03-12
57,Space different use house job mind two course source leg represent.,4,2024-01-26
58,Inside now sell course model each pass radio that foot front.,4,2024-04-07
59,Lose machine popular open treatment always conference town page thought cut.,4,2024-02-26
60,Their land able past time item team off PM notice agency skin.,5,2024-03-25
61,Left perhaps raise anything town participant site third against pattern.,5,2024-02-27
62,Money generation will after college really especially.,4,2024-03-06
63,On help speak million positive same public out receive leader cold.,1,2024-03-29
64,Service around effect economic home part before build lose ten quite national including.,3,2024-02-27
65,Those loss discussion else her thus number between read buy more education.,4,2024-02-14
66,Travel tax fish growth various bar tend.,1,2024-03-29
67,Door likely particular real material debate describe fall act not book floor.,2,2024-03-27
68,Sure offer black animal when draw drop hit threat son phone case.,1,2024-01-01
69,Term skill past against real market great should morning later success too.,3,2024-01-18
70,Five add institution tax ready three control across.,3,2024-02-01
71,Wish young his group professor discover star fly hope letter under.,5,2024-01-27
72,Plant shake support able ten certain interview add moment wear president a.,5,2024-02-20
73,Day business question month perhaps trip north white low lot.,1,2024-04-01
74,Quite drug draw science scene consider car day without consumer decade growth.,4,2024-01-31
75,Over table mean risk generation animal oil others.,5,2024-02-18
76,Eye loss others cold also treatment police.,2,2024-01-01
77,Everyone thought future option imagine language represent party research test easy.,2,2024-03-02
78,Character go item student draw speech within window.,4,2024-02-12
79,Most foot system future worry easy street expert military yourself personal together.,5,2024-04-01
80,Oil others fact whole want president effort remain wrong away.,1,2024-04-02
81,Arrive individual guy appear level free.,5,2024-03-07
82,Affect sign add father also network grow hundred discover drive success entire turn.,4,2024-01-28
83,Seek last development leader finally campaign yeah meeting usually heavy majority approach.,1,2024-02-19
84,Wife ability film reason throw network think scene.,3,2024-01-02
85,To apply size each middle record accept after.,3,2024-01-04
86,Decision amount notice concern store play him voice four tell condition lay become campaign.,4,2024-03-23
87,Yard throw about bill win into memory season yet standard.,3,2024-01-12
88,Federal election since town similar language quite star if.,3,2024-01-13
89,Ago edge commercial cold laugh project test.,5,2024-02-08
90,Environment table within charge left whether meeting firm particular happen.,2,2024-01-18
91,Family couple which hotel heavy through.,2,2024-01-02
92,Keep thought itself reduce man only agent quickly water.,1,2024-02-29
93,Safe despite act I real control team less act woman though rich tax.,1,2024-04-04
94,Want this mouth stock pattern service.,4,2024-02-04
95,Step subject despite of various own anything show himself author.,3,2024-01-19
96,Author same while then all free make yeah.,5,2024-01-20
97,Rule explain check blood position successful dream sometimes finally.,1,2024-01-11
98,Between easy could myself agency explain local.,2,2024-01-09
99,Record allow none interview sort four really business off project project.,5,2024-03-04
100,Teach everything spend face party affect toward age fill their contain.,1,2024-02-16
101,Support without run total threat above market.,2,2024-04-05
102,Wonder cup police important house anyone act exactly relate wall audience.,5,2024-04-11
103,Clear value assume deal quality discuss blue lot.,1,2024-02-27
104,Community chance son society bring teach again miss second blue enjoy place.,3,2024-01-21
105,Concern increase sure would model game writer ten argue paper institution song politics.,1,2024-01-11
106,Add artist tree adult population key protect team decide station training perform.,2,2024-01-13
107,Skin or think here star talk condition health natural responsibility.,4,2024-03-30
108,Say explain dog rise bit speak marriage three feeling he bag.,2,2024-02-08
109,Soldier road experience reduce recent true.,2,2024-02-06
110,Leave business heart admit tonight whose.,3,2024-01-13
111,Maybe before newspaper doctor happen matter present affect.,4,2024-02-07
112,Check development sign vote serious value shake word claim recent.,3,2024-02-29
113,Source commercial other technology expect try.,3,2024-02-02
114,Arrive thing hour knowledge maintain day natural its including follow up identify oil.,2,2024-01-21
115,Increase the investment anything pattern year discussion thank from first none office firm.,2,2024-03-26
116,Pm decision sign part fear move middle hair.,4,2024-03-05
117,Hotel notice best plant information believe attack professional.,2,2024-03-30
118,Marriage study issue card source indicate affect claim quality.,4,2024-04-04
119,Find development decide maintain from source raise dark hospital control able know start.,1,2024-02-12
120,Evening subject travel range station as.,1,2024-01-20
121,Contain per shoulder may yourself everything me be.,4,2024-02-23
122,Significant head book address require magazine meet.,2,2024-01-19
123,Improve story great soldier response plant floor summer rather what society.,2,2024-01-29
124,Party language want record western group improve fish stage now learn.,2,2024-02-29
125,Sister government room mention support which.,5,2024-01-26
126,Relationship recognize run rate can garden public during first financial position.,4,2024-03-30
127,Size agency cell kitchen girl true than quality it.,3,2024-04-07
128,Third somebody along close popular level cause expect show.,4,2024-01-09
129,Hospital poor soldier court such American against hundred probably world any respond.,4,2024-02-21
130,These able government since several forward once open war reach magazine.,3,2024-01-29
131,Thing professor meet seem treat low security your so.,3,2024-02-05
132,Loss establish commercial dog go ready myself religious little one career.,1,2024-02-24
133,Occur reach sound development note simple piece pick under matter next I family.,2,2024-01-28
134,Side season trade interest different area method many her end newspaper reflect.,4,2024-02-05
135,Whether strong few sport perform call important air other.,1,2024-03-14
136,Station option student sometimes scene PM body message those.,1,2024-02-25
137,Ability because central meeting arrive soon.,1,2024-01-07
138,Represent claim individual provide buy cultural range detail.,2,2024-03-31
139,Voice value me bed her family he adult else.,2,2024-03-20
140,Member read social pick stand traditional prove travel resource economic task score.,3,2024-01-01
141,Right away administration recent while rest push outside offer energy.,4,2024-02-18
142,Success eight story property issue us must notice improve office need worker.,2,2024-02-06
143,Fine small despite situation job threat poor.,5,2024-01-28
144,Industry range black summer wish task.,1,2024-01-22
145,Plan five kind white election subject often evening degree dark system.,2,2024-01-10
146,Right floor whatever west carry call mind animal finally.,2,2024-02-19
147,Resource religious although term improve anything ahead statement vote.,5,2024-03-10
148,Cultural open early five huge quickly still.,3,2024-01-16
149,Break around where indeed international cut argue.,4,2024-03-04
150,Name someone who artist very small recent former.,2,2024-02-12
151,Likely wear conference of structure heavy phone force despite professional.,4,2024-03-29
152,Factor public receive hundred involve from hand ten.,3,2024-01-20
153,Green strong environmental page remember bill society fish hear.,3,2024-04-07
154,Occur box smile but work along condition stop both better someone.,1,2024-03-26
155,Table black continue Mrs left be science goal.,4,2024-02-08
156,Lose character despite talk southern small six station.,3,2024-03-26
157,Address language exactly rather seven tell.,1,2024-01-11
158,Describe quite black beyond difficult measure.,5,2024-03-25
159,Support action yes improve example traditional item without argue blue mother outside lay.,1,2024-03-29
160,Remember give require serious that ask how upon eight.,4,2024-03-09
161,For school beautiful someone different evening.,4,2024-02-23
162,Traditional you court dinner determine travel.,2,2024-02-27
163,Beyond choose interest half around do choose pattern give my reflect rate.,5,2024-01-12
164,Into may so from everybody large mother.,4,2024-02-29
165,Fill particular medical know until almost Democrat table name sport strategy catch else.,1,2024-04-04
166,Eat manage national card consider economic.,1,2024-03-20
167,Quality speech try detail sense around civil effort ball.,4,2024-02-25
168,Analysis full sign democratic black hear.,4,2024-03-22
169,Economy get campaign wind agree appear certainly somebody fight bed certainly get which.,5,2024-01-04
170,Send history start two rate activity push pick land walk majority let.,5,2024-03-30
171,Experience white activity assume agree serve task population option.,1,2024-02-01
172,Boy line stay know program go forget.,2,2024-01-02
173,Picture million miss computer too less fight.,1,2024-03-10
174,In summer wind surface language one nor imagine line individual husband ok second.,4,2024-01-10
175,Father with since especially life article.,1,2024-04-07
176,Very yourself about middle forward treat level support executive game early man.,2,2024-03-15
177,Condition interest along single draw section prepare price national.,1,2024-01-30
178,Than leader information address never personal again through factor foot minute his worker.,1,2024-03-15
179,Station old house or suddenly exactly play most war sort responsibility parent learn.,2,2024-02-08
180,Guy before special story you seek anyone front short today physical despite.,1,2024-01-12
181,Space structure question traditional treatment popular after opportunity generation.,5,2024-01-16
182,Congress evidence cover up form vote data allow conference indeed relate summer energy development.,4,2024-03-05
183,Break play dog can here suddenly fish blue together order expert become.,5,2024-02-12
184,Team better once easy manage hotel.,4,2024-04-01
185,Prove more section red college term exist.,2,2024-04-06
186,Model all nor identify window trouble personal beat natural.,4,2024-02-21
187,Someone when player site owner base defense.,4,2024-01-22
188,Against reflect bag arm base about watch.,1,2024-02-07
189,Subject from fine authority turn close return deal dinner newspaper.,1,2024-03-19
190,Politics pressure happy full eat event month blood popular fight art material rest.,4,2024-02-22
191,Word civil would mention avoid south personal nice since.,2,2024-01-31
192,Police adult remember theory class never.,3,2024-02-11
193,Letter station TV product another either close guess interview item fill section suffer.,3,2024-02-07
194,Century art suggest left do raise environment suddenly son parent dream administration.,2,2024-01-15
195,Carry whether sit cover quality moment turn we describe.,1,2024-03-28
196,Image cultural call group arm practice special student carry deal their these good.,2,2024-01-13
197,Ahead likely arm arm any positive.,5,2024-02-17
198,Worry market others remain scene mouth military.,2,2024-02-16
199,My run plan choice member heart company nearly check.,4,2024-04-03
200,Word half magazine add kind picture home.,5,2024-02-24
201,You fill my either oil source study nice lawyer operation.,1,2024-03-23
202,Conference or sign deal political particular lose still read available worker its.,2,2024-04-07
203,Recently father music yeah put us rather.,4,2024-03-09
204,Defense individual water huge war why million yes provide turn individual ask.,2,2024-02-03
205,Treatment decide model daughter else product international.,2,2024-02-26
206,Miss for often difference join parent.,3,2024-02-01
207,Upon site grow agree begin feel day camera early father hand baby.,3,2024-02-06
208,Throw decade material gun music more lot.,1,2024-04-11
209,Executive agent condition pay free quite sense coach remember its.,4,2024-02-21
210,Pretty real teach rock any these institution heavy thank camera determine want customer.,5,2024-02-05
211,Range carry call leave different this couple change executive training modern fast.,3,2024-02-15
212,Page trip difficult teacher country sound paper century include whatever party.,2,2024-02-29
213,Do agree hard catch tough special.,4,2024-01-26
214,Different some easy assume parent accept age result likely degree.,2,2024-03-09
215,Church one partner present author artist conference.,3,2024-01-21
216,Policy more then enough improve one ready all until activity show since.,1,2024-03-11
217,Watch take page Republican sister near billion serve subject want another local.,4,2024-01-04
218,Station put early like we finish thing wide million positive wear trade admit.,2,2024-01-06
219,Stock add lawyer catch party seem sign approach party real American foreign history.,2,2024-02-21
220,Discover different that cultural similar nor more worry leader near.,2,2024-02-11
221,Administration in eat human challenge bed only.,5,2024-01-21
222,Develop break purpose although write walk old crime food purpose weight.,1,2024-01-22
223,Per at over place everything nor environment consider.,5,2024-03-13
224,Offer anyone little star offer official raise question cost.,2,2024-02-19
225,Customer firm strong require like product prevent unit pick pattern cost ready blue.,1,2024-03-15
226,Consider clear this appear enough region unit to team let few.,4,2024-01-23
227,Baby must for interest hit east song adult take range recognize lawyer mean.,3,2024-01-10
228,Point month fire according growth education professional indeed.,4,2024-03-19
229,Team order point hit cut begin born stay stand.,5,2024-02-27
230,Key almost analysis least top at challenge soldier.,1,2024-04-03
231,Certainly also him decision home pull water else eight statement.,2,2024-03-18
232,Idea program activity since Mr hope.,1,2024-04-07
233,Space him authority up democratic production agreement.,1,2024-02-19
234,Treat old family there pick thousand through lead part improve property result for.,3,2024-03-21
235,Indicate yourself politics home this sing toward sure possible full adult key.,5,2024-02-07
236,Resource class final range right public.,4,2024-03-03
237,Sense not candidate thing different drop seat price teacher center hard probably open.,1,2024-03-22
238,Field listen soldier simple call enter every.,1,2024-03-14
239,Coach money store concern item course player.,2,2024-03-31
240,Positive kitchen ever leader red discussion operation class finally for.,2,2024-02-28
241,Feel none agreement out play grow west each game whose cover.,5,2024-02-20
242,Cause thank to drop night perform strategy also south size serious news.,4,2024-02-25
243,Front development rock simple change difficult security play everything.,2,2024-03-11
244,Southern none couple sport safe today pattern pick itself dinner compare.,2,2024-01-10
245,Artist their able Mrs phone half factor throughout establish.,2,2024-03-04
246,Last else help receive stay organization Mr compare return agreement after final eight.,4,2024-01-21
247,Democrat source western floor across good but less act religious still.,5,2024-03-11
248,Career from television course worker claim yourself Mrs similar positive particular nothing audience.,4,2024-03-20
249,Start require part head compare show see base expect democratic difference.,2,2024-01-28
250,Quality college program generation beyond ok free where only mind kitchen.,5,2024-01-22
251,Weight face citizen behind born sure.,5,2024-02-13
252,Paper create amount indicate glass although often agreement defense.,3,2024-01-18
253,Guy voice hold down matter unit.,3,2024-02-29
254,Special board member knowledge little me car would certain onto much.,3,2024-04-07
255,Executive food nearly several single region present keep across.,4,2024-04-01
256,Provide suddenly get challenge agree center region.,1,2024-02-04
257,Seek suggest carry common low strategy.,2,2024-02-16
258,Miss leader language once bar lawyer measure dinner ahead site political method choose.,4,2024-04-05
259,Admit want wear course new inside tax state change work.,5,2024-01-20
260,Less Democrat decision office range current.,1,2024-03-27
261,Develop bit out beautiful artist future opportunity lead politics notice today cup fear into.,4,2024-04-02
262,Daughter recent guess over fine minute bed.,3,2024-03-19
263,Along him sense during least environment maintain account training open small great show.,4,2024-01-13
264,Theory if tonight dog prove occur eight also own.,3,2024-04-07
265,Expert show she story edge certain share letter.,3,2024-01-27
266,Not law state man face billion poor process baby trial want admit responsibility.,3,2024-03-18
267,Sense these available computer exactly interview serious painting establish.,1,2024-03-29
268,Community because entire society compare red discuss clear old language.,3,2024-03-23
269,Stand again tend appear drive staff give alone sit treatment.,2,2024-02-11
270,Still instead pattern let market set relate off list do candidate.,1,2024-01-31
271,Never girl appear value try include sport hold.,1,2024-03-28
272,Agreement budget man lose mother eight.,5,2024-01-14
273,Type law growth the mean woman.,1,2024-01-07
274,Least game admit subject mother today.,3,2024-01-25
275,Free still image type street late.,2,2024-02-15
276,Skin everyone set no high week system left certainly ahead defense agent exist.,1,2024-04-08
277,Road necessary test take nature thus address order least.,2,2024-02-19
278,Turn involve during action talk article share anyone visit.,1,2024-04-08
279,Show wind general film need five compare threat entire.,1,2024-03-05
280,West eat industry should part position boy ok deal.,1,2024-02-11
281,Hundred interest recognize dark power level tree.,3,2024-01-05
282,Determine policy those dog within south strategy current challenge major.,5,2024-02-21
283,Measure attorney hospital nor small professional loss kid could tree energy tough skin.,3,2024-02-05
284,Sometimes ahead model move heart serve fast animal however though process protect hour.,2,2024-03-14
285,Treat garden major owner doctor cultural six choose material social environmental agree heavy.,2,2024-01-20
286,Else like consider third these rest election less.,1,2024-01-28
287,Option account just federal move morning its.,5,2024-02-17
288,Sea appear top simple him together system dark friend.,3,2024-02-07
289,Picture modern local start type property four against.,2,2024-01-29
290,Dog hundred gun audience unit few born to citizen event listen keep.,5,2024-01-27
291,Method organization bad offer together carry measure opportunity pass pull break would national.,2,2024-02-05
292,Lawyer seem trial enjoy amount provide.,1,2024-01-06
293,Tend area prepare ball civil perform let song finally each cost meeting whole.,4,2024-02-02
294,Drop cause but weight per purpose four certainly.,2,2024-04-04
295,Foreign suffer money deal behind force work single security remember movement.,5,2024-03-22
296,Sense allow air say rock believe hand beyond these prove them can.,3,2024-02-27
297,Resource son series write west idea ready trade by matter each middle.,5,2024-02-12
298,Before talk sort art hand after buy home new general within structure serious.,5,2024-01-15
299,Doctor beyond soon hope involve themselves.,3,2024-03-17
300,Economy direction every key heavy series attention result property might need.,1,2024-03-15
301,Three population raise deep serious peace these issue state.,5,2024-03-23
302,Give star house set heart a officer cold wait movie require same all some.,3,2024-01-27
303,Rise its she without size town degree check describe television rock across popular.,3,2024-03-28
304,Mr next action area phone seek beyond.,5,2024-02-18
305,Senior finally past citizen since off much thing environmental point bit.,5,2024-03-09
306,Unit task trade drug development total truth.,1,2024-01-30
307,Future recognize air dog color weight picture despite player some simple.,2,2024-01-10
308,Finally treat case phone off modern perform agent.,2,2024-01-27
309,Year mind word himself voice produce talk material wait.,1,2024-02-11
310,Every help black prevent must travel just kid new popular forward edge.,3,2024-03-05
311,Why material blood million plan air peace career history value miss.,5,2024-03-17
312,Within data most hot our worry next middle choice strong idea.,1,2024-03-28
313,Rise old space protect himself I outside those no between finally laugh.,1,2024-03-30
314,Could top establish let watch total tonight young.,3,2024-04-05
315,Watch knowledge wait protect understand must floor hold couple claim.,2,2024-03-23
316,Mission its go unit administration reflect bank factor message.,4,2024-02-25
317,Yard character subject newspaper success deep remain million hair exactly.,5,2024-01-02
318,Call role threat whose paper type.,1,2024-04-05
319,Present pressure director painting medical only environmental wonder.,4,2024-01-22
320,Agency feeling language particularly husband worry baby his summer federal six both view.,5,2024-02-07
321,Easy theory sell development especially market trip consumer perform.,1,2024-03-22
322,Woman turn father myself reason term accept.,1,2024-03-18
323,Machine unit federal value thousand road.,4,2024-03-02
324,Field sound law away memory newspaper run cover too bill cost.,1,2024-01-28
325,Central more identify learn suggest soon teach.,5,2024-02-20
326,From long left however do stuff Mrs event agree they single whether walk.,2,2024-01-14
327,Myself newspaper deep item century memory somebody everyone smile.,4,2024-02-08
328,Sort hard where situation soldier do fill national her successful moment.,1,2024-02-16
329,Firm support health allow cup exactly phone instead have.,5,2024-01-13
330,Management establish mind candidate arrive reflect know front learn.,3,2024-01-14
331,Outside me doctor get who analysis civil loss.,1,2024-02-26
332,Magazine thank table leave purpose receive heart challenge movement see.,2,2024-01-29
333,Father born surface stage kid institution certain must ready.,4,2024-02-09
334,Full site nature official almost prepare watch base.,3,2024-02-26
335,Smile young spend indeed product sell player all sure interesting get southern.,3,2024-03-05
336,Increase mother method operation certainly traditional state wait need out material.,5,2024-03-01
337,Middle focus entire it growth down station picture.,1,2024-04-04
338,Green court it occur agency tell between.,3,2024-03-29
339,Culture set artist rather financial change public us into.,2,2024-01-04
340,Modern world cut offer loss represent.,1,2024-04-02
341,Actually discover maintain can when agree nor give sometimes million paper charge.,2,2024-01-31
342,Pretty song wonder color person out energy.,2,2024-02-25
343,Hair word probably thought consumer reason trip.,3,2024-03-11
344,Above participant box interest follow believe wrong policy just reveal behavior standard.,5,2024-03-14
345,Meeting wish born late source because degree treat recognize small late.,4,2024-04-09
346,President own move when carry heavy room then.,2,2024-01-26
347,Matter energy share cup worker perhaps speech record three.,2,2024-01-21
348,Lot relationship push his receive figure example.,1,2024-01-03
349,Tree region too but law dark whose sit four need.,2,2024-01-02
350,Partner me stay remember always smile sing I.,1,2024-01-17
351,Feel property who less network organization admit maintain.,3,2024-03-26
352,Herself imagine management red kid case specific determine why carry.,3,2024-03-10
353,Inside different fact allow knowledge together.,4,2024-03-18
354,Trade head key end edge above maintain party real soon trial term.,5,2024-03-25
355,Civil relationship picture town son make tree herself road like sense.,5,2024-03-11
356,Sound happy his provide world southern president each both.,5,2024-03-19
357,This least keep read natural fine once scientist score.,4,2024-03-03
358,Behind option here although onto wait military listen gun less end man hit.,5,2024-04-09
359,Letter somebody black health take race Mrs compare either responsibility.,5,2024-01-24
360,Term against character poor student his pass myself contain budget certainly lay.,5,2024-02-24
361,Herself use piece stuff security challenge.,4,2024-03-21
362,Say relationship able religious senior not.,5,2024-04-08
363,Garden adult away present development low across store stock say part condition.,1,2024-03-05
364,Animal them finally child walk site open again us center scene.,2,2024-01-19
365,How central clear usually event official.,4,2024-02-05
366,Act few large debate thank suggest political she civil.,3,2024-01-24
367,Safe director administration speech national arm citizen ground choose.,1,2024-01-12
368,Him when may any will cell instead entire.,4,2024-04-03
369,Skin court great special family my high well civil them.,4,2024-03-05
370,Minute crime office fund without might throughout.,3,2024-03-15
371,There operation himself her floor ability hot ask fill identify.,2,2024-02-24
372,During now hotel father single answer.,5,2024-01-18
373,Almost two daughter interview near task.,3,2024-02-11
374,Present major degree mention now away.,5,2024-03-17
375,Stay similar sea southern end partner guy fact but bed something.,2,2024-02-09
376,Ever brother reason wind certainly short fact economic beat.,2,2024-02-14
377,Represent investment simply but present buy war.,5,2024-02-14
378,White face spend attention stock apply character room image sure bank could especially.,4,2024-02-28
379,Door address young center fire identify production would beautiful.,4,2024-03-14
380,Sure court what ever team town.,3,2024-01-07
381,Simple pull true east teach yet song character executive respond step money.,2,2024-01-02
382,Network join research edge sign enter upon.,1,2024-02-04
383,Family provide cut voice we film dark tough yeah method amount human effect.,1,2024-01-15
384,Administration want least four series across win TV care.,2,2024-02-26
385,Everyone want determine hand threat between movement wind outside ahead manager official.,1,2024-03-29
386,Interview speak day tax data computer artist camera thus lawyer.,2,2024-03-03
387,Born draw crime none street them important.,2,2024-02-22
388,Cultural nature take time first arm base.,3,2024-01-01
389,Want drive again any serve skill way yourself cost officer movement follow he.,5,2024-04-05
390,Station accept appear inside shoulder ahead any want staff.,4,2024-02-22
391,Full stuff science line society skin positive none.,5,2024-04-11
392,Picture black investment range thought according research day act.,3,2024-03-06
393,He save star fish boy computer listen data use address such type enjoy.,4,2024-01-13
394,His old management impact several focus.,5,2024-01-22
395,Study some since finally several however enjoy environment bring fill son happen.,2,2024-03-16
396,Room study not fear life again stuff contain.,1,2024-02-11
397,Serious free up identify stand sort process answer one month.,5,2024-01-11
398,Gun carry leave bank risk should during either reveal PM station level.,5,2024-03-19
399,Take should increase most yeah main.,1,2024-02-02
400,Box professor billion exactly end arm little part.,5,2024-03-23
401,We success build go bank take laugh knowledge he indicate policy.,5,2024-01-03
402,Man poor bag life call sister bed professor.,1,2024-02-10
403,Per mother visit rather same sister probably.,3,2024-01-27
404,Smile discussion how important easy summer head various rock.,2,2024-02-08
405,Service why bank source plan list where since throughout another.,3,2024-01-12
406,Even wonder from he direction agreement significant middle field computer kind.,4,2024-01-08
407,Can if group series campaign beyond.,1,2024-02-06
408,Statement happen color boy write a including production almost science stuff class.,3,2024-01-10
409,Day student throughout three mind common anyone per father interview prove where present.,5,2024-03-26
410,Both feel many space hot box according research away.,3,2024-01-01
411,Eye concern here behind often system force issue.,2,2024-03-30
412,Step eat them example pattern focus make sign.,1,2024-01-02
413,Free way even usually put himself team design above.,2,2024-04-01
414,Parent hotel hope everything some about star effort back common involve these kid.,2,2024-03-05
415,College police general camera hard drive.,2,2024-02-19
416,Rise interview area idea house choose visit than join role feeling direction American.,2,2024-02-15
417,Lose heavy fear tend food require hear land begin toward color.,2,2024-03-12
418,Tonight should successful start control sense.,4,2024-04-09
419,Black what successful poor else already measure phone.,1,2024-03-10
420,Board arrive bit up per fill hotel she near despite.,4,2024-01-09
421,Fine glass discover break me everybody might into support billion.,4,2024-02-08
422,After role be history hit him miss physical computer stuff.,3,2024-03-25
423,Receive expert term run by happen add green laugh everything onto staff.,3,2024-03-07
424,Natural vote deep season with effect arrive recently tend role must your clear.,5,2024-03-26
425,Help fine but accept those go.,4,2024-01-18
426,Home once course along check somebody local face.,1,2024-01-05
427,Western force system test event commercial six law fast.,3,2024-03-18
428,Include last husband oil power describe star above various.,3,2024-02-17
429,Military seek move design generation behavior usually.,4,2024-02-15
430,Toward billion right send work back husband trade mention look strong serious.,1,2024-03-10
431,Answer boy short how leader section recent remain.,4,2024-01-07
432,Purpose wind air room if until whose race explain current garden.,4,2024-03-31
433,Plan until land bill letter structure leave yes.,2,2024-03-08
434,Attention hard threat hospital test note bar child exactly.,2,2024-03-06
435,Card feeling plan safe fast view activity check wonder edge tax off discussion.,2,2024-03-24
436,Heavy center provide without cultural house figure.,5,2024-01-21
437,Size discover organization partner food meeting.,2,2024-03-27
438,With often each inside have employee certainly dinner three certainly.,1,2024-03-05
439,Sea challenge two as wonder language.,1,2024-02-11
440,Discuss huge recently hard vote that need actually measure between eat position.,5,2024-03-06
441,How fight call behavior edge put mother author face military.,2,2024-01-08
442,Cause country cost pay foreign organization significant goal indicate edge.,2,2024-03-07
443,Kitchen early professor two during candidate.,2,2024-01-10
444,Suggest strong catch anything process subject power coach live management.,2,2024-02-18
445,Particularly order science feeling without form mission sister size hair finally.,5,2024-03-09
446,Final chair notice store until billion able store glass more foreign make down.,2,2024-01-20
447,Remain give recent social phone open can body claim instead teach report main.,5,2024-02-19
448,Perform among stuff pass area hotel could those.,3,2024-01-13
449,Pattern tree book painting say sea its green yard these doctor four.,4,2024-01-19
450,Represent series specific ready community TV high figure condition when.,4,2024-01-13
451,Traditional security history inside western walk community guy air hard other.,1,2024-02-09
452,Responsibility able with improve also table.,3,2024-03-13
453,Position ability however whole become relationship wind understand apply population.,5,2024-03-10
454,Large current parent throw great upon general show.,2,2024-01-13
455,These will even tell account inside reveal within suffer run.,4,2024-03-30
456,Shoulder win activity probably common similar employee until imagine writer hundred institution.,5,2024-03-27
457,Sport black fly necessary heavy arm former so human idea.,1,2024-03-13
458,Food oil former energy tell affect affect special media city wind senior.,5,2024-01-12
459,Threat probably college Mr practice so we author analysis.,3,2024-04-03
460,Their day soon me movie analysis leg perhaps war again increase heart.,5,2024-03-30
461,Career in data why grow meet let teach.,2,2024-03-18
462,Might front necessary short or industry art town mind nearly executive else.,5,2024-03-22
463,Factor practice sister game you smile deep.,1,2024-03-18
464,Again alone suddenly year choose risk teach.,5,2024-03-20
465,Student suddenly her land direction add debate in million organization.,2,2024-03-25
466,Modern of wall plant something loss memory realize agreement where.,1,2024-01-14
467,Dog but dog rise court candidate record process course.,3,2024-04-10
468,Little animal education fly different inside claim why popular other happy.,2,2024-02-05
469,Easy sense action American particular theory policy tonight.,5,2024-04-03
470,Somebody authority fine follow gas my.,5,2024-01-16
471,Successful exactly father talk lot require shake available.,3,2024-01-09
472,Think care rock day month outside want any.,2,2024-01-07
473,Buy catch store trade how amount entire pay during we.,2,2024-01-09
474,Now role interview wonder state break radio.,2,2024-03-27
475,President collection foreign parent sound Democrat general technology seek other drive morning crime.,1,2024-03-07
476,Will majority event natural officer poor realize several.,1,2024-01-28
477,Charge daughter cup party focus maintain foot very expect.,4,2024-04-10
478,Garden state building always study magazine federal read.,4,2024-01-24
479,Third reveal leg morning fund mission also.,1,2024-01-23
480,Whatever town itself later between design strong once need job rest friend just.,2,2024-01-28
481,Under citizen range name majority talk off coach especially.,5,2024-04-03
482,Center go camera play best position bill military establish art.,1,2024-04-10
483,Marriage military run heart compare class box nothing mind sound.,1,2024-02-14
484,Quickly participant focus write skin term leg.,2,2024-03-11
485,Already car room collection yet store any hot consider various.,4,2024-02-23
486,Such skill tax see compare keep.,1,2024-02-25
487,Box drop possible return five dog.,5,2024-04-10
488,Most hold establish throw on husband black.,1,2024-02-22
489,Car six recently beautiful indicate south contain population view vote along.,5,2024-04-06
490,Daughter theory cell explain baby across total meet election down raise sing gun.,1,2024-03-17
491,Religious according vote stock anything heavy.,3,2024-04-09
492,Attack official for media much again course.,1,2024-01-26
493,Trial art off response attorney region.,4,2024-03-19
494,Light agency seat image first conference pressure.,1,2024-02-09
495,Alone idea believe eye win eye the idea pattern will father wear.,2,2024-01-17
496,Tell if create evidence despite tough network seven choose nearly.,4,2024-01-24
497,Attorney business lose benefit particular run.,1,2024-01-14
498,War necessary own trade claim each knowledge walk rock.,5,2024-03-06
499,Investment product land move direction so establish.,1,2024-01-07
500,Live future left try while movement community unit realize you.,5,2024-03-15
501,Value same long authority mission necessary team international begin kid.,4,2024-02-24
502,Change mother employee better herself instead particularly act purpose political let writer.,2,2024-03-04
503,Edge explain inside tree lot song forget quite always big throw treat stand.,1,2024-03-03
504,Growth may chance network north nature state next.,3,2024-03-11
505,Watch choose sea car morning church member whose.,3,2024-01-11
506,Born design technology somebody national energy.,5,2024-01-01
507,Leader apply cup east than help talk want.,5,2024-01-14
508,Site consider two media job line draw.,5,2024-01-22
509,Reduce wish maybe eat brother thus during American body.,3,2024-01-03
510,Six enjoy method past about itself east draw forward game himself film.,5,2024-01-11
511,Practice heavy parent rise lose strategy town building last owner who trip.,3,2024-01-26
512,Fund near school yourself continue view before professional.,2,2024-02-05
513,Attack feeling believe leg small ahead necessary major require blue.,5,2024-02-15
514,Western store rate idea social eight speech benefit same cold.,5,2024-03-24
515,Seem military exactly common type power.,3,2024-03-02
516,Man create magazine feeling answer building live.,5,2024-01-21
517,Thing rule weight dark know chair property site land amount hour attack.,3,2024-01-26
518,Write the today single everybody eye better miss heart popular.,5,2024-01-04
519,Recent executive also in process degree.,4,2024-01-04
520,Tax smile friend Congress serious off lead white choice.,1,2024-02-28
521,Your agent knowledge side power participant face clear end from.,1,2024-02-16
522,Option study production not send item expect entire.,2,2024-03-15
523,Design child ball sign coach stay why third wish born wife.,3,2024-03-04
524,Adult difficult sport billion member prove.,2,2024-04-02
525,Lawyer TV remain expert glass computer west kid play best two cell.,3,2024-03-12
526,Picture head well source account I policy card large why cut perform.,1,2024-02-17
527,Least chance thought religious too always reason.,5,2024-03-07
528,Course evidence partner expect type happy this large fall answer recognize as never.,4,2024-01-17
529,Little along support note along hold world task her food behavior.,5,2024-01-10
530,Model among firm carry strong green next rich certainly they agency fish.,4,2024-02-27
531,Evening challenge travel fear interest investment western alone recently.,4,2024-01-31
532,Tough contain need drive list ago dark allow family mention job.,1,2024-02-25
533,Easy green woman most system drive.,3,2024-01-28
534,Section far feel democratic daughter probably wait hit prove.,1,2024-04-08
535,Benefit bit against late control already.,2,2024-02-10
536,Natural particularly machine thing four away type form.,5,2024-03-26
537,Decision and maintain pattern police far write sell.,1,2024-02-12
538,Rate around left she nearly which soon.,1,2024-01-24
539,Effect soon short owner ever political indicate month could agent door behind about.,1,2024-02-21
540,Modern manage education prove decide first health smile wear candidate.,3,2024-03-24
541,Least option late cut theory agent always talk structure.,4,2024-01-11
542,Lawyer truth along poor so early well.,2,2024-01-25
543,Hand care any go your sound really.,1,2024-04-06
544,Art treatment wear network bed dinner difference no reduce this.,1,2024-01-30
545,Fish go question bed parent need them front fight including decide reach scientist.,1,2024-04-10
546,Foot number begin indeed rest become camera glass read it result often.,1,2024-02-03
547,Fund heavy meeting deal fill part.,1,2024-02-04
548,Certain stock when finally whole feel like some paper song.,1,2024-01-18
549,Positive huge her look concern no.,3,2024-01-01
550,Practice perform leave full trouble call born well feeling tonight bill matter may.,4,2024-04-06
551,Learn feel tree century deal movement suggest resource.,1,2024-02-25
552,Leave natural pass few language life real fall along they heavy attention director company.,3,2024-02-12
553,Indicate beautiful shoulder nearly develop century power serious may bring analysis thousand.,1,2024-02-11
554,Whatever grow including daughter goal or take face again project performance.,5,2024-03-30
555,To high act field she us finish tell phone value generation.,5,2024-02-03
556,Writer language cut road phone keep several foot evidence figure page read.,4,2024-02-06
557,Look risk impact work project either.,2,2024-01-18
558,Arm establish culture require firm none entire yet agency early forget on.,2,2024-02-15
559,Hot then police evening his card treat indicate federal choice everybody although.,5,2024-02-02
560,Skin according government south build hand push suggest place wonder seek.,4,2024-01-19
561,Tell put traditional same wish trade.,3,2024-03-22
562,Personal clearly which stage often personal thus morning leg court left.,4,2024-03-19
563,Language parent charge resource same whether government.,4,2024-02-11
564,Only behind culture employee space defense person.,1,2024-03-05
565,Wind anyone difference animal offer across of trial scientist sea.,5,2024-03-14
566,Only community model book miss activity local watch even really.,2,2024-01-20
567,Event answer significant wait word itself.,4,2024-02-29
568,Prove lay data fact top generation hour box.,3,2024-03-12
569,Structure man poor financial practice billion people send heavy low visit imagine.,2,2024-03-08
570,Coach level hard will fish state human Mrs.,1,2024-03-18
571,Relationship measure measure scene authority foreign.,1,2024-02-16
572,Necessary standard perform final serve treat yourself who evidence.,5,2024-02-09
573,Position usually crime state perform entire place ready form half modern exist.,1,2024-04-05
574,Necessary another box say leader apply improve value who clearly opportunity.,5,2024-04-01
575,Pick find gas letter say far tree radio degree likely theory.,5,2024-03-05
576,Finally career sport environmental cost school.,5,2024-02-02
577,Hour bring what make group represent amount maybe.,1,2024-01-22
578,Chance third subject sure rock total me kind blood owner.,3,2024-01-08
579,Institution behind head market along sell group last then.,4,2024-03-18
580,Western exist outside themselves sense become.,5,2024-01-14
581,Drug run religious deal threat mean situation win since value civil at garden.,5,2024-02-16
582,If grow upon similar with last build election environmental drive toward middle beyond.,4,2024-02-21
583,Easy ten with relate class bar give condition.,4,2024-02-01
584,City often former skin parent human western talk.,5,2024-01-20
585,Present door Republican toward clearly perhaps.,4,2024-02-17
586,Agency edge message seat structure article until field.,1,2024-02-18
587,Sit woman reveal everyone traditional crime buy scientist film either summer none.,5,2024-01-23
588,Option energy series scientist impact top reason bring spring visit list.,2,2024-03-22
589,Save dream change check stay increase up Republican box back smile.,4,2024-03-25
590,With body add training center morning author my recognize so.,3,2024-02-09
591,Spend gas particularly mind method but.,1,2024-02-23
592,Enjoy though pattern center it rule them city through city down answer dark.,5,2024-04-07
593,Protect run visit increase far music attack administration.,3,2024-03-06
594,Card star here usually myself key make director former music.,1,2024-02-06
595,Reality black than situation history ten.,1,2024-04-01
596,Others participant investment unit site boy put foot long ground point case customer.,2,2024-04-10
597,Themselves eat agreement outside lead wonder weight table want consider across model all.,5,2024-03-10
598,Explain range their skill final instead alone economic option.,3,2024-03-18
599,Perhaps politics anyone with treat control.,4,2024-02-13
600,Special coach account to allow low help eye gas short study training.,1,2024-02-17
601,Drive bar notice fly college operation letter worry.,2,2024-03-28
602,System couple image fight every too arm hot degree area six.,5,2024-04-10
603,Pull director gun reveal civil hope perhaps whom pretty know citizen amount.,1,2024-02-04
604,Cultural some president important some while artist.,3,2024-01-11
605,Out task general group international top catch part.,4,2024-03-28
606,Population paper performance agency yeah left realize wall.,2,2024-03-09
607,Talk case could person party father.,1,2024-03-14
608,Buy affect business condition question very sing bag develop sell wonder company.,1,2024-03-21
609,Possible budget manager deal nothing effort subject official dark.,3,2024-03-20
610,Cell tonight popular thank rise but measure than local go none try although.,1,2024-03-24
611,Wide mention use experience single through draw cut.,1,2024-03-10
612,Town remain value star itself sister.,5,2024-01-05
613,Arrive everybody recently question mother human.,4,2024-03-12
614,Condition enjoy cultural herself seek among.,2,2024-01-26
615,Personal executive main father spend art court follow soldier.,5,2024-02-17
616,Around scientist century thousand peace must buy audience.,2,2024-03-11
617,Form evidence drive language a attack affect training enjoy threat.,1,2024-01-01
618,Dark drug generation over subject surface great data American stop.,2,2024-01-15
619,Effort development surface region any line opportunity occur reveal.,1,2024-03-08
620,Kind cost stock especially security inside mention feeling.,5,2024-01-19
621,Suggest large and head law car.,1,2024-03-23
622,War including shake consider financial beat product affect night team item.,2,2024-01-22
623,Line off across establish stock decade more create provide strong piece result.,3,2024-03-26
624,Four your speech population know most usually voice.,5,2024-02-11
625,Remember official here do by ability rock office available attention beat.,5,2024-02-19
626,Always nature charge garden generation small fill maintain person partner already next summer.,1,2024-01-16
627,Memory over series throughout we Congress answer sometimes.,2,2024-01-04
628,Reduce pretty deep month chance scientist almost leg over middle.,2,2024-03-30
629,Stage five stuff scene draw direction need past keep whatever will do.,4,2024-01-23
630,Beat size least face I cause one ball approach state or weight summer.,4,2024-04-07
631,Worker movement western thus hotel popular individual meet strategy generation.,2,2024-03-17
632,They account choice walk page provide.,5,2024-04-11
633,Join near energy why sit attorney charge charge author.,3,2024-03-10
634,Enjoy firm talk age trade discuss total different north onto break ever they.,5,2024-03-15
635,Smile show person coach try prepare well.,4,2024-03-15
636,Light wish network let pretty later wish move money create machine as sometimes.,4,2024-02-29
637,Government sign similar per picture military.,5,2024-04-11
638,Store religious knowledge join bank wish decade song push occur also.,5,2024-01-24
639,Near lawyer hope maintain reveal bit fly open current thus couple leave.,4,2024-01-10
640,Scene traditional suggest start hope blue whether look.,3,2024-01-25
641,Especially likely left student it specific.,2,2024-01-12
642,Responsibility sell plan win some value.,1,2024-03-19
643,Process rate both situation ask avoid his day no.,5,2024-02-27
644,Set everybody still benefit more baby century society structure them hot investment.,4,2024-01-22
645,Leader level past civil look ready eye prepare environmental speech.,2,2024-01-24
646,Way which against day figure seem show southern television believe oil leg.,3,2024-03-18
647,Born prevent ever role none seek organization baby order body part.,3,2024-02-03
648,Why one spend many former race if safe material indeed human.,3,2024-03-01
649,Possible feel bring mouth down task fight big carry and likely lawyer.,4,2024-03-25
650,Sport accept sing part candidate candidate camera.,1,2024-04-03
651,Leave mother full follow short news.,4,2024-02-24
652,Base those know idea must tonight cold point.,2,2024-02-16
653,Anyone color others than board worry subject child seven.,5,2024-02-21
654,Under provide property stop more coach account site collection wish.,2,2024-03-23
655,Pass central total successful create name stop environmental.,3,2024-02-19
656,Student who theory debate public article all goal follow affect door again indeed.,4,2024-02-21
657,Firm condition general lay blood ready herself bring open international music accept.,1,2024-03-02
658,Moment design right understand ability where keep everybody life care.,2,2024-02-21
659,Grow begin he public meeting full training full finish own.,3,2024-03-04
660,Single station prove million decide suffer former little.,2,2024-04-11
661,Place friend list take compare simply.,1,2024-04-02
662,Reality voice skill body government class strategy brother fund well right wrong idea.,3,2024-01-07
663,Nearly party agent audience position performance himself perhaps left upon movie national future.,5,2024-03-23
664,Attention than collection mother product under hold drop economic around common thank boy.,4,2024-03-28
665,Sell station effect learn west star win bring.,1,2024-03-27
666,Quickly have tough kind magazine beautiful use contain leader.,1,2024-04-08
667,Lose language stuff reduce similar father treatment officer every.,1,2024-03-23
668,Toward win response oil identify policy different source allow certain idea line more.,2,2024-04-09
669,Two go much old somebody civil might hundred foot hear open result.,4,2024-02-21
670,Moment window glass provide conference middle tonight way guy when fish cell sister fill.,3,2024-03-27
671,Success read happy third teach then newspaper recent top bed seek party.,3,2024-04-07
672,Spring open before once candidate room pull room two difference.,5,2024-02-10
673,History create kitchen major up join work trip.,3,2024-04-06
674,Most method those hold discuss term relationship fire ready.,4,2024-01-29
675,Read nation century mind part put teach still with hot catch.,1,2024-03-13
676,Heavy wife too card beat different minute hot reason.,3,2024-03-14
677,During expert summer sell activity produce wish defense.,2,2024-02-08
678,Clear Mr future evening program minute church management.,3,2024-03-05
679,Like TV research cup no south identify crime feel.,2,2024-02-26
680,Amount gun near doctor it prepare garden.,4,2024-03-10
681,Small that attorney picture idea think clear eight plant.,4,2024-03-24
682,Push yard hold never billion board move outside paper base person think outside.,3,2024-04-10
683,Look game forget soon including president factor friend tree write occur happy.,4,2024-02-13
684,Them half large source need believe.,1,2024-03-16
685,Nice second green him three pattern phone must major happen help.,5,2024-01-15
686,Long rule relationship matter nor agree.,1,2024-03-05
687,Trial customer into decade data western remain easy.,5,2024-02-29
688,Specific modern four for time so.,1,2024-03-10
689,Standard soon plan want foot too.,5,2024-03-01
690,The write serious decision include situation teach pressure month wish finally keep deep.,2,2024-01-29
691,Anyone and effect phone likely reach.,1,2024-02-05
692,Just course who who message player friend husband media amount.,5,2024-02-10
693,Rest return government son know myself heavy campaign.,2,2024-01-11
694,Bad occur end physical stuff magazine current hotel land school change.,3,2024-04-03
695,Series else heart site eight night official still possible mind admit could.,3,2024-03-19
696,Last return six respond Mr natural or think inside authority player.,4,2024-02-29
697,Find wife avoid change middle administration majority store table mind guess both change.,5,2024-01-26
698,Work ready she identify surface provide exist pattern scene.,1,2024-02-04
699,Commercial worker particularly avoid article sure than election hour wait admit.,5,2024-01-22
700,Base term available white they book.,4,2024-02-12
701,Simple customer all southern according piece difficult letter wish like store season ever.,3,2024-03-30
702,Wall point understand church opportunity free.,2,2024-04-01
703,Often quality Mrs across similar government nature break despite.,3,2024-02-10
704,Citizen us rather friend view term when whose risk happy past successful.,5,2024-04-01
705,Improve blue type serious thing field raise age without.,1,2024-03-17
706,Garden prove quickly suddenly fight room recognize easy but.,5,2024-01-30
707,Grow democratic physical north born hotel once rich feel blue although.,5,2024-02-21
708,Concern case appear wrong event civil life.,5,2024-01-21
709,Two agreement probably money occur fast project mean away else major.,1,2024-01-12
710,Consider head deal either really collection.,4,2024-04-03
711,Source age business college even author organization stuff one democratic marriage than decide along.,5,2024-01-24
712,Write center everything white everything player.,5,2024-03-24
713,Yourself space tax itself woman look ok reduce attack different sense.,2,2024-03-10
714,Focus professional scene cold bad history sense nearly remain.,5,2024-02-25
715,Next believe thus any environmental two our.,1,2024-03-20
716,Street goal beyond after material dark.,5,2024-01-06
717,Friend single share relationship wall it factor operation region fall manage drive.,2,2024-04-11
718,Baby figure so increase eye around whatever.,3,2024-01-21
719,Art your through blood front rather woman.,3,2024-02-15
720,Skin group management toward letter society lose but drive price sound source voice.,5,2024-02-06
721,Necessary itself receive crime nature sea power compare shoulder member ok husband.,1,2024-04-11
722,Total lay check improve music compare this to treatment somebody food.,4,2024-01-13
723,Decide none back much million white.,4,2024-02-20
724,Born give these determine reduce either.,3,2024-02-13
725,Audience these thought stop force debate watch.,4,2024-03-14
726,Generation mean them professor certainly possible.,2,2024-03-08
727,Form check so why kind already argue close try.,2,2024-01-04
728,At place always great another thought sister me.,5,2024-01-24
729,Agree vote parent floor stock gun sound stay interest.,5,2024-01-16
730,Direction others here understand voice direction capital mention deep.,1,2024-03-22
731,Politics debate meet push class politics popular employee.,3,2024-03-17
732,Foreign friend chair somebody address else list institution event protect.,3,2024-01-19
733,Want front defense bar support keep marriage box.,5,2024-04-07
734,Decade lot position piece large film activity leader let choose.,3,2024-01-31
735,Join significant interesting like network hit conference environment what rule.,5,2024-02-10
736,One financial may treat change sell white stage.,2,2024-01-17
737,Religious wide industry who floor sister seek far she.,3,2024-01-11
738,Way sense source deal guess rather party leader.,2,2024-01-15
739,Election close down everyone similar property man commercial key move play against raise.,5,2024-02-27
740,Inside enter sense until picture event dream rest law society class run camera.,1,2024-03-24
741,Enter factor full several mention society majority simple.,3,2024-01-10
742,Hair data marriage firm statement agent seek account movement.,3,2024-03-16
743,Project spring first personal task standard appear yard she push nor.,4,2024-03-09
744,Three black order goal tend mouth company southern bring.,4,2024-01-26
745,Mission quality art similar behind agreement low exactly information.,3,2024-01-16
746,Industry prepare unit rich all enjoy reach everybody owner maybe investment detail ability.,4,2024-03-08
747,Realize read human buy defense record.,4,2024-03-18
748,Remember room describe check over method me let which about.,3,2024-03-27
749,Leave almost talk term real particularly poor threat anyone.,3,2024-01-10
750,Market its challenge ability partner we.,2,2024-01-03
751,Public nature one prepare next coach unit term.,2,2024-03-17
752,Analysis indeed book effect remember religious leave watch fact star see culture.,5,2024-02-09
753,Ahead effect mission mention stuff work two along once side someone animal.,5,2024-04-08
754,City detail practice whatever meet data attention lot.,1,2024-01-07
755,Keep traditional peace nearly song week strategy.,4,2024-02-08
756,Tv specific site specific some increase house career top front.,2,2024-01-18
757,Black drop Republican gun among popular end boy fight.,1,2024-02-07
758,Above color difference short agreement travel prepare subject item.,2,2024-03-08
759,System face day middle focus along rock around.,3,2024-01-03
760,Significant lay wonder raise subject character benefit shoulder still Democrat central point.,1,2024-02-18
761,Around do quality information play best else.,2,2024-04-05
762,Mean example enter important be meet adult.,2,2024-01-24
763,We alone tough by other what enough true may blue wrong performance.,3,2024-01-07
764,Within whole than writer audience security good very.,5,2024-02-18
765,Because sure fact brother likely learn expect ask public wrong.,3,2024-02-29
766,Brother near quite specific development effect guy suggest second try blue story.,5,2024-03-27
767,Kind nation exactly up bring wind your.,1,2024-03-23
768,Health trouble yourself resource middle walk former teacher drive PM generation.,3,2024-01-16
769,Eat collection into tax remember need defense there.,3,2024-01-16
770,International understand keep a good black participant man far.,1,2024-01-08
771,Institution rate million any out woman produce new through thing worker race generation.,5,2024-03-06
772,Reach magazine let on enjoy relate set firm boy.,3,2024-02-11
773,Majority language use color none believe individual prepare threat professor hundred modern.,3,2024-02-19
774,Skin believe security author itself one father list run that.,1,2024-03-05
775,Effect turn visit tend rather least father.,4,2024-03-08
776,Stock partner a produce whatever himself event learn.,3,2024-03-14
777,Several blue center necessary rock recent list get national.,2,2024-03-06
778,Behind civil certainly media partner not get act.,1,2024-02-19
779,Success reduce require watch draw three high wish defense stay perhaps.,1,2024-01-06
780,World else stock send every could person dark nature message democratic I.,2,2024-01-19
781,Offer television mention student your same vote building fish should assume.,4,2024-04-08
782,Pressure call science memory under have bed benefit similar other threat into.,5,2024-02-03
783,Soon house that seem third history support participant product affect.,4,2024-03-05
784,Market TV great run area owner toward least that.,2,2024-01-24
785,Religious me quickly moment vote may how necessary.,3,2024-02-16
786,Development might whether anyone return easy college year job need firm behind rock.,1,2024-03-14
787,Go these research team tax during talk service compare reach young able discussion.,3,2024-02-09
788,Test event charge pressure very compare court yes consumer blood turn.,1,2024-02-14
789,Level range night section prepare project per amount what.,5,2024-01-02
790,North opportunity tough coach claim nice lead air film religious.,5,2024-01-06
791,Accept responsibility thing herself foreign baby big consumer world form subject light hundred herself.,1,2024-04-11
792,Central rule maybe top bring down help mission through.,4,2024-02-19
793,Time effort might six scene road must former professional your.,5,2024-04-06
794,Foreign medical necessary police power little water prepare government price stop first.,3,2024-04-07
795,Radio head way stuff between ability raise.,4,2024-01-06
796,A crime off water while course red card white land fly explain.,1,2024-03-30
797,Catch yeah grow receive policy suffer teach.,4,2024-03-27
798,Audience heavy stop year seat can official agree bill little truth.,4,2024-02-21
799,Street bank color though include thought task president skill.,3,2024-03-23
800,Choice baby show east eight subject win white trade.,5,2024-01-31
801,Wish camera most end audience exactly hotel enter although writer.,5,2024-03-24
802,Control both too respond card newspaper.,4,2024-03-16
803,Affect never test despite without possible certain throughout which series.,2,2024-02-09
804,Sing media believe be result military level much.,4,2024-02-25
805,College first base perform whom blood beautiful less.,4,2024-02-06
806,Safe explain might someone others political number.,4,2024-02-22
807,Ago reach with less hold business pass wind car.,2,2024-02-20
808,Quite floor study hair air foot sort least civil health discussion across tax.,1,2024-01-21
809,Woman time thank matter house role cause.,4,2024-03-20
810,Appear inside than name specific such city.,4,2024-01-03
811,Book final environmental explain all recent.,1,2024-01-15
812,Live exist represent focus employee newspaper situation director blue modern factor.,2,2024-01-22
813,Agency since include hand find week able.,3,2024-03-08
814,Public health affect difficult country serve report face soon why book about general.,1,2024-02-21
815,Him training make teach lose different baby do remember remember education.,2,2024-02-08
816,Life beautiful follow memory director event employee stop eight material finish choice.,5,2024-02-19
817,Mrs cultural everybody other all dream less gas.,1,2024-01-15
818,Space defense end left charge hear be media.,3,2024-01-23
819,Official sign like travel state perform place finally itself seven wall soon sort.,5,2024-02-07
820,Citizen no page pass performance sister voice.,3,2024-01-22
821,Risk nature standard much list response company until bank along me thank customer.,5,2024-03-06
822,I source back note own society lawyer last under relate drive door get.,5,2024-01-06
823,Them when play drop eye simple spring.,1,2024-02-16
824,Product too popular toward newspaper democratic sound coach or significant.,2,2024-03-09
825,Film build American language painting yes politics get.,5,2024-03-25
826,Think history trade table majority drop issue foreign.,1,2024-01-20
827,Major eat floor process pull paper officer job raise middle civil.,1,2024-01-17
828,Different what coach kid staff bar one lose.,3,2024-01-24
829,Purpose two answer somebody like better prevent knowledge time international.,5,2024-03-10
830,Could guy something money program often.,5,2024-02-29
831,Discover science continue fly size between another want.,1,2024-03-29
832,Yourself resource source sign game guy me some.,3,2024-04-11
833,Officer assume Congress particularly suddenly police single appear fly follow region especially.,1,2024-04-05
834,Picture almost security even pressure business.,2,2024-02-03
835,Though trouble station short policy conference foreign often marriage position.,3,2024-02-04
836,Daughter since apply true actually loss.,5,2024-02-02
837,Quite some anyone nation truth plan let movement.,2,2024-03-29
838,Now note thus project president television conference couple.,2,2024-01-17
839,Evening think may network grow beyond shoulder indeed protect manage per.,1,2024-01-15
840,Expert so base study affect follow edge push receive.,4,2024-04-05
841,West natural let give dinner suffer specific rise responsibility road realize worker.,2,2024-03-07
842,Method effort method card foreign current population newspaper sense.,1,2024-03-20
843,Central interest thing international land process give artist activity.,2,2024-04-02
844,Everyone exist often we near person.,4,2024-02-13
845,Color may toward red practice food trouble.,3,2024-02-23
846,Feeling cup deep stock to red.,3,2024-03-20
847,Social peace unit once note cell sing during.,3,2024-03-26
848,Pay beyond continue letter along see marriage natural dark lawyer husband those.,2,2024-02-05
849,State cell bill control your sound performance get walk civil experience.,5,2024-01-01
850,Draw official him growth group but analysis skill claim wish real.,4,2024-01-04
851,Parent first simply industry upon at.,3,2024-01-05
852,Everybody campaign service sign since tree ahead region bring beat condition.,4,2024-02-01
853,Catch bed image development wife unit general.,4,2024-02-25
854,Piece tax off street positive not fill career sign such.,4,2024-03-31
855,Unit movie magazine seat mind partner clearly good free cold candidate a lawyer.,5,2024-03-20
856,Pull type game present type almost lay.,4,2024-02-11
857,Money interest audience feeling baby professor phone read.,3,2024-04-06
858,Season bill soldier model whose threat phone plant little think director.,1,2024-04-10
859,Message sport foreign director capital represent where choose story force recognize visit choose.,5,2024-02-04
860,Begin about drop strategy than attention.,4,2024-03-09
861,Glass class understand account decade four parent speech of turn.,2,2024-03-01
862,Outside feel since song dream attention audience rate gun dream interest recognize computer.,4,2024-03-13
863,White grow few with knowledge parent training house.,4,2024-02-24
864,Ahead camera science clear describe already age two coach base house memory.,4,2024-04-01
865,Media artist which thus tonight either oil item commercial cost.,1,2024-02-20
866,Organization alone political particularly base reach everyone better really once second military.,1,2024-01-21
867,About walk development cell station administration.,4,2024-01-14
868,Movie they attorney discover every sea end.,3,2024-01-08
869,Play care become chair standard particularly simply may best family leader head machine.,1,2024-01-29
870,Those line five address senior wife anyone clearly shake.,5,2024-01-06
871,Across recently tax city way feeling dog range decision although professor.,5,2024-01-21
872,Administration still development service result structure water friend.,3,2024-01-22
873,Spend hope against blue list class real total.,5,2024-03-06
874,Itself memory source nice again Congress exactly high suggest but.,2,2024-03-13
875,Pretty create American necessary budget consumer stuff remember.,3,2024-02-22
876,Stage audience past open face forward.,3,2024-01-02
877,Effect Democrat catch view trial explain cell require.,3,2024-01-10
878,Item close indeed image sit run begin language inside alone upon try.,2,2024-04-07
879,Happy field sign field those call concern relationship.,3,2024-01-07
880,Soldier reveal card reach land central significant town school government morning.,2,2024-01-29
881,Realize its true during six Democrat open reality ten deep war sing.,2,2024-03-08
882,Still throw receive shoulder rock affect nearly car national those last.,5,2024-01-31
883,Bad do laugh everything film from bring court.,3,2024-01-10
884,Politics international sure local nation occur particular always.,2,2024-01-29
885,Pick season pressure party raise song generation show similar increase industry worker development.,3,2024-03-14
886,Them hear each employee organization be believe wall official development direction.,1,2024-03-13
887,All suffer political certainly response far past lead thank clear customer pay.,4,2024-01-19
888,Until strong enjoy low despite chair experience without election lose vote return player.,5,2024-04-02
889,Today specific remember really risk join hold long each example box mother.,4,2024-03-09
890,Need actually themselves possible sell push popular wife second decade laugh suffer report.,2,2024-03-21
891,Sense Republican some upon difficult court growth to feeling chance high.,5,2024-01-20
892,Administration activity PM source newspaper time break law suggest call.,2,2024-03-22
893,Life local try clearly beautiful despite head remember note.,5,2024-01-18
894,Drug reality military large economic go.,3,2024-03-22
895,Never run in people option each enough what practice.,5,2024-02-27
896,Without nor act affect force in certain.,5,2024-01-29
897,Much minute thus total former hair assume memory there dark computer.,4,2024-03-28
898,Interesting success growth approach form west.,4,2024-02-23
899,Eight pattern role present worry less if view party claim individual learn popular.,4,2024-02-28
900,Out how rest throughout significant day stay soldier whose American.,1,2024-01-18
901,Man kitchen level without style thus hear various remember.,2,2024-03-13
902,Describe pretty after product style seat or particularly.,5,2024-01-04
903,Five continue realize law organization growth animal read action else course else.,4,2024-01-26
904,Pay past color spend glass why old case listen idea.,4,2024-02-05
905,Though analysis church miss understand rock institution.,3,2024-03-02
906,Especially word you out run always high possible into door.,1,2024-03-01
907,Evidence such travel act management environment add point.,1,2024-02-14
908,Deal poor party property in color call rather anyone first want cultural view.,2,2024-03-10
909,Leader time sometimes force public relate give.,2,2024-03-28
910,Behind there among beyond present return on meeting source open.,4,2024-02-07
911,Pretty daughter certain green expert mouth picture skill just.,5,2024-02-16
912,Herself them control seek interesting inside weight on data.,4,2024-02-08
913,Call give environment enjoy word off during from concern blood which.,4,2024-03-06
914,There base wish may understand type another community imagine.,4,2024-01-28
915,We range teach everybody dark report all.,4,2024-04-06
916,Owner skill know chance other teacher account stay character strong.,4,2024-04-03
917,Care large first wide continue product former how task.,1,2024-03-20
918,Good crime food city building recognize figure and end.,1,2024-01-03
919,Adult air television example peace development list you join.,4,2024-03-04
920,Several it whom those economic spend stock character support physical understand quality.,3,2024-01-30
921,Will assume also bank make wide base believe recent myself mean upon.,3,2024-03-04
922,Including color fill sell respond possible grow threat provide view check.,4,2024-01-22
923,Risk history live evidence follow character section important capital fly system hotel large.,4,2024-02-03
924,Call forward kind house news house follow her relationship my kid east.,5,2024-01-31
925,Answer hope cost treat third like.,2,2024-03-09
926,Business simple save agent begin loss dog skill.,1,2024-03-13
927,Share much picture population wind nor generation your Democrat fact.,1,2024-03-11
928,Direction each success mean economic according.,1,2024-02-09
929,Drop population position discover step and fine agree.,3,2024-04-09
930,Child item speak answer technology opportunity from sign compare Democrat Mrs somebody.,5,2024-03-18
931,Majority then share difficult treatment face Mr.,3,2024-01-24
932,Sister here along across loss in much skin off too book body.,3,2024-01-31
933,Middle by source ahead part property Mrs in mention region.,5,2024-02-15
934,Cold everyone training job operation year should interesting child.,5,2024-02-28
935,Next base including site chance hit on important another play trial.,1,2024-02-15
936,Difference north exist most car song sea what last country technology.,2,2024-02-01
937,Participant role detail prove thing wind social she while.,3,2024-01-26
938,Place either push treatment image every energy after increase you little.,3,2024-03-18
939,When base new certain necessary it entire book though performance have.,5,2024-02-19
940,Technology begin consider space bit however spend.,2,2024-03-13
941,Agent hold road how tough by miss smile even information first figure claim.,3,2024-02-18
942,Computer fast behind figure box foreign.,3,2024-02-20
943,Capital effect sell how number film participant.,4,2024-04-03
944,Have paper finish real billion worker car minute.,1,2024-04-08
945,Allow decision arrive lot improve image movement social authority themselves option argue his.,4,2024-03-21
946,Drug practice memory keep local fact go ok.,1,2024-03-04
947,Participant company soon drop year kind news our ground culture turn sure across.,5,2024-04-07
948,Physical head night around short practice system space executive benefit leader.,1,2024-02-26
949,Deal between similar weight catch claim system body.,1,2024-01-29
950,State full exist also more try carry more large rock point.,4,2024-03-12
951,Also threat down discuss green very sing region still.,4,2024-01-04
952,Both think girl democratic president high prevent might practice office rest.,3,2024-04-04
953,Find opportunity summer physical PM international impact worry science similar lawyer film.,3,2024-02-24
954,Different good health phone throughout economy account wall.,3,2024-03-27
955,Home six country vote police once.,5,2024-03-13
956,Girl use sell indicate play minute.,2,2024-02-19
957,Traditional up see staff deep old staff writer range compare modern there first.,1,2024-01-19
958,Pass man suffer management can international wait most soon rather animal.,4,2024-01-03
959,Same to forget officer situation environmental tell under evidence.,2,2024-02-01
960,Pass cultural age image itself understand agent great conference along.,4,2024-02-13
961,Suffer evidence view fast same force decide.,3,2024-01-08
962,Wonder involve loss interview leg who front safe attorney bank camera consider.,2,2024-01-11
963,Tell everything game big section fine anything close.,1,2024-03-03
964,Than against government order subject talk road skill network offer break talk.,3,2024-02-09
965,Result expect true goal present by simply.,5,2024-02-07
966,Plan responsibility recent how speech moment possible trouble offer tonight what source.,2,2024-01-01
967,Religious treat mission whole common culture whole.,1,2024-02-02
968,Lose study also success example face practice perform foreign.,3,2024-01-24
969,Her remain billion office artist involve evidence reveal far couple stay share health.,3,2024-02-19
970,Here local answer in little career according wish field professional score.,3,2024-03-21
971,Article guess majority check question argue.,2,2024-02-17
972,Information food property surface experience center.,1,2024-04-05
973,History second community ask trial could easy event.,2,2024-03-01
974,Old protect down bank try eat end training both.,5,2024-02-25
975,Young sell billion remain entire image.,4,2024-03-09
976,Face sort care sell dream environment not.,1,2024-03-06
977,Which science style significant our number both.,1,2024-03-01
978,American walk church relate too down computer other range rise.,5,2024-03-08
979,Against TV century station form great system better source crime door.,3,2024-03-26
980,Affect knowledge Mr while state goal left.,5,2024-01-01
981,Can phone seat serve customer probably recently ago.,2,2024-02-09
982,Baby process issue analysis computer where strategy carry in school.,5,2024-02-08
983,Late style entire inside follow bad sort break spend form suffer.,1,2024-03-23
984,Everybody as give enter enter involve crime.,3,2024-02-10
985,Daughter different throw something decision fill share able finish people near.,5,2024-01-25
986,Heart fire coach serve just already will beyond.,4,2024-01-04
987,Include this save clearly lose where development most wind memory civil decide throughout.,2,2024-02-28
988,Picture crime himself city not rich size heart sign side.,4,2024-03-06
989,Whose send foreign reveal speak attention.,5,2024-03-24
990,Call man join various positive scientist act daughter visit alone attack.,2,2024-02-19
991,Deep side public try article bank together pressure east cover return where answer.,1,2024-02-22
992,Computer level it amount go often seek.,1,2024-02-21
993,Off pull cultural place laugh daughter management along certainly property Mr soon.,3,2024-03-14
994,Box affect television factor church central.,3,2024-03-22
995,Coach the simply general ago partner last.,2,2024-02-28
996,Score bed day analysis economy partner someone modern finally treatment indicate.,2,2024-02-10
997,One every he set machine debate worker car travel.,1,2024-01-23
998,Anyone glass record reason couple instead training tend.,3,2024-03-24
999,Large table full goal management dream realize notice down either interview ahead our.,2,2024-02-17
1000,Herself too sell newspaper low management staff suddenly free financial it.,4,2024-02-20
